"repeat.var.value","perc_total_female","perc_total_male","perc_total_female_60","perc_total_male_60","perc_total_female_18_59","perc_total_male_18_59","perc_total_female_6_17","perc_total_male_6_17","perc_total_females_05","perc_total_males_05","female_hh__NA__female_hh","total_hh__NA__NA","msni_2_cat__NA__in_need","big_bar_msni__NA__1","big_bar_msni__NA__2","big_bar_msni__NA__3","big_bar_msni__NA__4","msni__NA__1","msni__NA__2","msni__NA__3","msni__NA__4","msni_2_cat__population_group__IDP__in_need","msni_2_cat__population_group__not_displaced__in_need","wash_score_2_cat__NA__in_need","big_bar_wash_score__NA__1","big_bar_wash_score__NA__2","big_bar_wash_score__NA__3","big_bar_wash_score__NA__4","wash_score__NA__1","wash_score__NA__2","wash_score__NA__3","wash_score__NA__4","wash_score_2_cat__population_group__not_displaced__in_need","wash_score_2_cat__population_group__IDP__in_need","health_score_2_cat__NA__in_need","big_bar_health_score__NA__1","big_bar_health_score__NA__2","big_bar_health_score__NA__3","big_bar_health_score__NA__4","health_score__NA__1","health_score__NA__2","health_score__NA__3","health_score__NA__4","health_score_2_cat__population_group__not_displaced__in_need","health_score_2_cat__population_group__IDP__in_need","snfi_score_2_cat__NA__in_need","big_bar_snfi_score__NA__1","big_bar_snfi_score__NA__2","big_bar_snfi_score__NA__3","big_bar_snfi_score__NA__4","snfi_score__NA__1","snfi_score__NA__2","snfi_score__NA__3","snfi_score__NA__4","snfi_score_2_cat__population_group__IDP__in_need","snfi_score_2_cat__population_group__not_displaced__in_need","edu_score_2_cat__NA__in_need","big_bar_edu_score__NA__1","big_bar_edu_score__NA__2","big_bar_edu_score__NA__3","big_bar_edu_score__NA__4","edu_score__NA__1","edu_score__NA__2","edu_score__NA__3","edu_score__NA__4","edu_score_2_cat__population_group__IDP__in_need","edu_score_2_cat__population_group__not_displaced__in_need","prot_score_2_cat__NA__in_need","big_bar_prot_score__NA__1","big_bar_prot_score__NA__2","big_bar_prot_score__NA__3","prot_score__NA__1","prot_score__NA__2","prot_score__NA__3","prot_score_2_cat__population_group__not_displaced__in_need","prot_score_2_cat__population_group__IDP__in_need","mcsi_score_2_cat__NA__in_need","big_bar_mcsi_score__NA__1","big_bar_mcsi_score__NA__2","big_bar_mcsi_score__NA__3","big_bar_mcsi_score__NA__4","mcsi_score__NA__1","mcsi_score__NA__2","mcsi_score__NA__3","mcsi_score__NA__4","mcsi_score_2_cat__population_group__IDP__in_need","mcsi_score_2_cat__population_group__not_displaced__in_need","pev_score_2_cat__NA__in_need","big_bar_pev_score__NA__1","big_bar_pev_score__NA__2","big_bar_pev_score__NA__3","pev_score__NA__1","pev_score__NA__2","pev_score__NA__3","pev_score_2_cat__population_group__IDP__in_need","pev_score_2_cat__population_group__not_displaced__in_need","impact_score_2_cat__NA__in_need","big_bar_impact_score__NA__1","big_bar_impact_score__NA__2","big_bar_impact_score__NA__3","impact_score__NA__1","impact_score__NA__2","impact_score__NA__3","impact_score_2_cat__population_group__IDP__in_need","impact_score_2_cat__population_group__not_displaced__in_need","at_least_lsg_above_sev_3__NA__TRUE","lsg_or_cg__NA__TRUE","lsg_cg__NA__one_lsg_no_cg","lsg_cg__NA__one_lsg_one_cg","lsg_cg__NA__no_lsg_one_cg"
"awdal",49.0157776859431,50.9842223140569,0.937030472953894,1.22737465032061,18.1598281613648,17.8368084243787,18.4369497424123,20.6502664444677,11.481969309212,11.26977279489,82.2758479565182,6.13666603623683,9.30950665342094,109.744220878974,797.160712586816,93.0950665342094,0,10.9744220878974,79.7160712586816,9.30950665342094,0,5.66993298069645,9.35007463959485,1.98078118012383,368.209379413865,611.982808784896,19.8078118012383,0,36.8209379413865,61.1982808784896,1.98078118012383,0,2.00285967358338,0,1.02551240704537,925.47141047478,64.2734654547664,10.2551240704537,0,92.547141047478,6.42734654547664,1.02551240704537,0,1.03694313407309,0,24.4115478349586,122.616103918848,633.268417731566,244.115478349586,0,12.2616103918848,63.3268417731566,24.4115478349586,0,54.4112342848812,24.0771606306983,1.83737930210279,593.030877373951,388.595329605021,18.3737930210279,0,59.3030877373951,38.8595329605021,1.83737930210279,0,2.21515570261527,1.83316847161248,0,331.983754541965,668.016245458035,0,33.1983754541965,66.8016245458035,0,0,0,4.3184037418186,735.697271984781,221.118690597033,43.1840374181861,0,73.5697271984781,22.1118690597033,4.3184037418186,0,4.64271259760308,4.31478887965051,15.9047165019394,85.4884973341785,755.464337646428,159.047165019394,8.54884973341785,75.5464337646428,15.9047165019394,63.2032701622237,15.3775099542835,0,992.457965402013,7.54203459798689,0,99.2457965402013,0.754203459798689,0,0,0,46.076024419844,46.9206725646854,42.6022688228668,3.47375559697723,0.844648144841379
"bakool",47.4010984569352,52.5989015430648,1.69017277029475,2.34539033658641,16.9987530773868,17.2396353585657,16.9437057437649,18.7609469887356,11.7684668654887,14.252928859177,40.7709222182116,6.09612589313731,42.8731868682908,0,571.268131317092,428.731868682908,0,0,57.1268131317092,42.8731868682908,0,58.1876253273717,41.7303996094127,29.2321398710626,9.58233793323106,698.096263356143,292.321398710626,0,0.958233793323105,69.8096263356143,29.2321398710626,0,29.667541666432,23.3973408318221,3.55149367675888,497.779771824336,466.705291408075,35.5149367675888,0,49.7779771824336,46.6705291408075,3.55149367675888,0,3.5115627495442,4.08660615958761,22.0807752631324,134.369524495031,644.822722873644,213.873030442284,6.93472218904046,13.4369524495031,64.4822722873644,21.3873030442284,0.693472218904046,62.510843783673,19.0638205570038,3.18944710610806,567.232566781338,400.872962157582,31.8944710610806,0,56.7232566781338,40.0872962157582,3.18944710610806,0,8.68622733711053,2.77926880086841,0,284.170249421498,715.829750578502,0,28.4170249421498,71.5829750578502,0,0,0,13.8059205883603,184.056836377757,677.88395773864,138.059205883603,0,18.4056836377757,67.788395773864,13.8059205883603,0,24.6220902204261,12.9988011579995,28.8388966961955,20.8041665671214,690.806866470923,288.388966961955,2.08041665671214,69.0806866470923,28.8388966961955,76.0639028453783,25.3148931571872,0.00900260370484259,874.33738594836,125.572588014592,0.0900260370484259,87.433738594836,12.5572588014592,0.00900260370484259,0.129646073728,0,60.2007985992577,61.8392290874971,48.0333084991367,12.1674901001209,1.6384304882394
"banadir",49.0343662671215,50.9656337328785,2.12350851785185,2.41231557832636,14.8070488965853,14.2658312274218,21.6261785989954,23.4261523024972,10.477630253689,10.8613346246332,64.6139335981232,7.55143230632287,12.4001422228612,95.2361829901907,780.762394781197,120.785354956059,3.21606727255338,9.52361829901907,78.0762394781197,12.0785354956059,0.321606727255338,18.6901746385307,9.10839694277229,5.95289322594008,367.875750586809,572.59531715379,59.5289322594007,0,36.7875750586809,57.259531715379,5.95289322594008,0,5.64652897539849,6.53830944224489,0.759895110883969,722.571853952683,269.829194938477,7.59895110883969,0,72.2571853952683,26.9829194938477,0.759895110883969,0,0.645902896813285,0.977717165942608,23.7406505893116,205.136725311716,557.456768795167,233.789082251838,3.61742364127869,20.5136725311716,55.7456768795167,23.3789082251838,0.361742364127869,42.0290285088398,14.1698443169752,2.47983555686877,507.867774557363,467.33386987395,24.7983555686877,0,50.7867774557363,46.733386987395,2.47983555686877,0,2.22896080011394,2.61112514996911,0.00848844537183955,380.928617572849,618.986497973432,0.0848844537183955,38.0928617572849,61.8986497973432,0.00848844537183955,0.0129306800284429,0,5.65526630207869,543.429760497111,400.017576482102,53.3365957482335,3.21606727255338,54.3429760497111,40.0017576482102,5.33365957482335,0.321606727255338,9.4758106111149,3.65587140781535,30.9265875576034,42.7376352772277,647.996489146739,309.265875576034,4.27376352772277,64.7996489146739,30.9265875576034,59.316228791083,16.0695150724249,2.85038327523462,344.655717168424,626.84045007923,28.5038327523462,34.4655717168424,62.684045007923,2.85038327523462,5.96493957790338,1.22045113317747,55.6449414357187,58.1049328682773,52.4496665661986,3.19527486952007,2.45999143255862
"bari",46.2531033018049,53.7468966981951,1.5536575022933,1.29274560762845,19.0005655997191,19.3589502988775,16.7572932272845,21.4723736248972,8.94158697250802,11.622827166792,66.8405662770419,6.17836339391689,7.97840439101579,92.3799916137196,827.835964476123,79.7840439101578,0,9.23799916137196,82.7835964476123,7.97840439101579,0,32.1484938248302,4.2804749751397,5.93848079544826,307.005270314715,633.609921730803,59.3848079544826,0,30.7005270314715,63.3609921730802,5.93848079544826,0,2.19650164110036,30.3964843559708,0.116240902999475,831.516767428302,167.320823541703,1.16240902999475,0,83.1516767428302,16.7320823541703,0.116240902999475,0,0,0.876004734429734,9.06506778229853,289.681244401677,619.668077775337,90.6506778229853,0,28.9681244401677,61.9668077775337,9.06506778229853,0,39.3511209434552,4.43141976944741,1.78973999461405,584.49353516719,397.609064886669,17.8973999461405,0,58.449353516719,39.7609064886669,1.78973999461405,0,0.876004734429734,1.92953792569789,0,364.778086206462,635.221913793538,0,36.4778086206462,63.5221913793538,0,0,0,1.50260499579027,715.809003885161,269.164946156937,15.0260499579027,0,71.5809003885161,26.9164946156937,1.50260499579027,0,1.75200946885947,1.46444708413094,18.8119542768018,45.9856478282486,765.894809403733,188.119542768018,4.59856478282486,76.5894809403733,18.8119542768018,54.5708146733005,13.340988101831,0.116240902999475,688.364666550714,310.472924419291,1.16240902999475,68.8364666550714,31.0472924419291,0.116240902999475,0.876004734429734,0,37.2960004056352,38.3814851732894,36.8788801774991,0.417120228136055,1.08548476765422
"bay",48.2309321961981,51.7690678038019,1.31251918188212,2.01822439458667,14.2042346617784,13.6606496842883,21.3845871281985,22.0027742284545,11.329591224339,14.0874194964724,67.4040319627578,7.62912924687914,25.7492050928002,0,742.507949071998,244.524531360315,12.9675195676868,0,74.2507949071998,24.4524531360315,1.29675195676868,42.2407997615892,21.0118661203093,16.2344328275445,210.602973100547,627.052698624009,154.190706455594,8.15362181985047,21.0602973100547,62.7052698624009,15.4190706455594,0.815362181985047,12.1721014860073,30.3761951721808,3.12429000122189,517.976347064587,450.780752923194,31.2429000122189,0,51.7976347064587,45.0780752923194,3.12429000122189,0,3.09225752630566,3.23580125165683,31.5745577060589,145.833429040707,538.420993898703,315.745577060589,0,14.5833429040707,53.8420993898703,31.5745577060589,0,62.7342076887491,22.6237056388821,4.31956764030478,482.414018174288,474.390305422664,43.1956764030478,0,48.2414018174288,47.4390305422664,4.31956764030478,0,6.8895971390701,3.5813066564841,0,292.722332377279,707.277667622721,0,29.272233237728,70.7277667622721,0,0,0,7.0632211873831,423.810857921833,505.556930204336,65.8183141259947,4.81389774783634,42.3810857921833,50.5556930204336,6.58183141259947,0.481389774783634,11.8646045894084,5.68398642148551,47.402473413964,0,525.97526586036,474.02473413964,0,52.597526586036,47.402473413964,88.1353954105916,35.701624423099,3.84498324338061,318.101553094012,643.448614472182,38.4498324338061,31.8101553094012,64.3448614472182,3.84498324338061,12.2825992251648,1.42121235716871,68.4729787908078,70.0097552119973,62.9465340246142,5.5264447661936,1.5367764211895
"galgaduud",46.8430244426967,53.1569755573034,2.12263292780111,1.71006806335641,17.1254808292428,18.923151256131,16.0981691679852,18.872881415654,11.4967415176675,13.650874822162,49.8514047046037,5.96477579877569,12.655571915241,83.2029276387457,790.241353208844,101.412640407654,25.1430787447564,8.32029276387457,79.0241353208844,10.1412640407654,2.51430787447564,24.4435251536393,11.2202389080034,1.83312072717904,293.929340271377,687.739452456833,18.3312072717904,0,29.3929340271377,68.7739452456833,1.83312072717904,0,1.21149263237172,6.93836311783929,1.00931035639916,546.407313390385,443.499583045623,10.0931035639916,0,54.6407313390385,44.3499583045623,1.00931035639916,0,0.870944224916709,2.14566929155131,16.4819348286081,236.183111763321,598.997539950598,164.409064535771,0.410283750310099,23.6183111763321,59.8997539950598,16.4409064535771,0.0410283750310099,16.0348120651293,16.5363777032726,2.39106903244141,596.571588364259,379.517721311327,23.8837518036918,0.0269385207222248,59.6571588364259,37.9517721311327,2.38837518036918,0.00269385207222248,13.6492937405258,1.0202372010278,0,454.002730988655,545.997269011345,0,45.4002730988655,54.5997269011345,0,0,0,6.49402648503091,605.917108163492,329.142626986199,39.7971861055528,25.1430787447564,60.5917108163492,32.9142626986199,3.97971861055528,2.51430787447564,10.3056067221728,6.02991818620569,28.1312586010545,203.568374964127,515.119039025328,281.312586010545,20.3568374964127,51.5119039025328,28.1312586010545,41.9806375521581,26.4449208343328,0.718594751644291,931.87183789132,60.9422145922371,7.18594751644291,93.187183789132,6.09422145922371,0.718594751644291,6.62019478942501,0,57.1743309401737,58.2601514615251,51.7661249764942,5.40820596367952,1.08582052135139
"gedo",46.1151407164189,53.8848592835811,1.47714341550596,1.84161657551392,16.4784352491078,16.849441560575,15.9300958960093,20.8321524113206,12.2294661557958,14.3616487361715,59.7784405716777,5.84928544779153,31.3217463814139,32.5807883407212,654.20174784514,311.912454960781,1.30500885335775,3.25807883407212,65.420174784514,31.1912454960781,0.130500885335775,43.0475124502708,29.9804265596008,21.7126120527114,110.633791284364,672.240088188522,217.126120527114,0,11.0633791284364,67.2240088188522,21.7126120527114,0,21.7471317629256,21.41084207947,2.95236108679652,483.79363259517,486.682756536864,27.3337076255689,2.18990324239634,48.379363259517,48.6682756536864,2.73337076255689,0.218990324239634,2.52152865885979,6.71868152932541,29.1470731508995,164.718825248019,543.810443242985,289.204083978567,2.26664753042861,16.4718825248019,54.3810443242985,28.9204083978567,0.226664753042861,34.2782611941169,28.5601124191741,5.40432160208216,546.909342767502,399.047441211677,54.0432160208216,0,54.6909342767502,39.9047441211677,5.40432160208216,0,2.0662258933143,5.78616905793166,0.466730568033028,355.861517131559,639.471177188111,4.66730568033028,35.5861517131559,63.9471177188111,0.466730568033028,0.520120253506243,0,7.1285080538386,444.173129517699,484.541789943914,69.9800716850283,1.30500885335775,44.4173129517699,48.4541789943914,6.99800716850283,0.130500885335775,19.495360026212,5.71385389934126,19.6110007222577,2.94345612056239,800.946536656861,196.110007222577,0.294345612056239,80.094653665686,19.6110007222577,77.0736364715389,13.0378035518959,0.221548467174043,829.879359714116,167.905155614144,2.21548467174043,82.9879359714116,16.7905155614144,0.221548467174043,2.15831660908159,0,58.5070845539255,61.023026332896,53.8945182790574,4.61256627486811,2.51594177897049
"hiraan",47.7869095893306,52.2130904106694,1.77207750338762,1.67166704661433,12.3443562872956,12.9893499050873,18.4269581223681,20.9361136378291,15.2435176762792,16.6159598211387,35.1185860351906,7.04538370229433,29.9711259095467,32.1616000594223,668.127140845111,299.711259095467,0,3.21616000594223,66.8127140845111,29.9711259095467,0,33.8420071955281,29.1297849671967,18.0414299059814,190.859094895682,628.726606044504,180.414299059814,0,19.0859094895682,62.8726606044504,18.0414299059814,0,15.4981509519463,29.7426682656729,4.77348251756243,526.632141745015,425.63303307936,47.7348251756243,0,52.6632141745015,42.563303307936,4.77348251756243,0,5.81100497896205,0,17.0370532258018,174.270719952462,655.358747789519,170.370532258018,0,17.4270719952462,65.5358747789519,17.0370532258018,0,27.6929988007453,14.7209699803349,5.50539657236235,557.77859197742,387.167442298957,55.0539657236235,0,55.777859197742,38.7167442298957,5.50539657236235,0,2.0496694649276,6.25650322903069,0.918902858840637,223.875433168494,766.9355382431,9.18902858840637,22.3875433168494,76.69355382431,0.918902858840637,1.11862755718903,0,2.28923656642012,510.284384222239,466.823250113559,22.8923656642012,0,51.0284384222239,46.6823250113559,2.28923656642012,0,4.0993389298552,1.89580852880044,40.2500049994715,4.59451429420318,592.905435711082,402.500049994715,0.459451429420318,59.2905435711082,40.2500049994715,75.4039664208688,32.6092470313245,5.67634421504012,435.463708122284,507.772849727315,56.7634421504012,43.5463708122284,50.7772849727315,5.67634421504012,10.248347324638,4.68261355773817,47.5077334681762,49.4310130071964,47.1417764407763,0.365957027399961,1.92327953902016
"lower_juba",47.1276732993065,52.8723267006935,2.02331138286114,2.55098980846311,16.4820570989389,14.0590600797713,16.1493663357945,21.7417686333882,12.4729384817119,14.520508179071,54.5529790346532,7.44284739086939,26.225368780306,9.02116441891332,728.725147778026,262.25368780306,0,0.902116441891332,72.8725147778026,26.225368780306,0,29.8098510841404,25.4003699097919,23.5106117075036,94.493791059943,670.400091865021,235.106117075036,0,9.44937910599429,67.0400091865021,23.5106117075036,0,22.3096904436113,28.7284140252663,1.24595515779006,444.735495605128,542.804952816971,12.2331891552124,0.226362422688224,44.4735495605128,54.2804952816971,1.22331891552124,0.0226362422688224,1.50487609394671,0.120986934297447,31.7519783094156,315.449385594814,367.03083131103,313.034324626119,4.48545846803742,31.5449385594814,36.703083131103,31.3034324626119,0.448545846803742,44.1376290638093,28.9013162006845,2.73606664885768,592.742824927867,379.896508583556,27.3606664885768,0,59.2742824927867,37.9896508583556,2.73606664885768,0,0.120986934297447,3.33794932756664,0,404.123423642434,595.876576357566,0,40.4123423642434,59.5876576357566,0,0,0,2.8370756976924,571.301245584353,400.327997438723,28.370756976924,0,57.1301245584353,40.0327997438723,2.8370756976924,0,1.20986934297447,3.21159098077798,44.3936479917823,6.1129462455189,549.950573836658,443.936479917823,0.61129462455189,54.9950573836658,44.3936479917823,83.0434817292002,35.49806238802,0.157060696357521,616.524342765733,381.905050270692,1.57060696357521,61.6524342765733,38.1905050270692,0.157060696357521,0.120986934297447,0.165363377311734,57.4082103801246,58.3845869633198,55.5475112656274,1.8606991144972,0.976376583195205
"lower_shabelle",41.8457662568592,58.1542337431408,2.7669418785119,3.28226955950671,12.9350676157109,16.2630777363318,15.859136983932,22.8080324921069,10.2846197787044,15.8008539551954,44.0352469017571,7.43588304827338,17.0438296559185,2.4697128365717,827.091990604243,170.438296559185,0,0.24697128365717,82.7091990604243,17.0438296559185,0,5.4824686548705,19.3402476687585,9.32879420643062,242.292272940507,664.419784995187,93.2879420643062,0,24.2292272940507,66.4419784995187,9.32879420643062,0,10.4505489319449,3.68129829593502,0.590744869952834,632.683871169276,361.408680131196,5.90744869952834,0,63.2683871169276,36.1408680131196,0.590744869952834,0,0.615477882198811,0.466226040358111,19.930156492876,125.06761565824,675.630819413,199.30156492876,0,12.506761565824,67.5630819413001,19.930156492876,0,10.9609393289975,21.7117003659838,8.89304284733282,444.273125274985,466.796446251686,88.9304284733282,0,44.4273125274986,46.6796446251686,8.89304284733282,0,5.94439505728934,9.47872890090064,0.156491890131976,254.060677794569,744.374403304112,1.56491890131976,25.4060677794569,74.4374403304112,0.156491890131976,0,0.94435334455185,0.164828613764202,483.26261395509,515.089099907268,1.64828613764202,0,48.326261395509,51.5089099907268,0.164828613764202,0,0,0.197568305712689,24.4516767422607,1.34497430257374,754.138258274819,244.516767422607,0.134497430257374,75.4138258274819,24.4516767422607,68.2674723744885,15.7486025689308,12.4938374904646,90.0678235745388,784.993801520815,124.938374904646,9.00678235745388,78.4993801520815,12.4938374904646,19.6784442678024,11.066768444082,52.0050049472454,52.1284905890739,51.9636619753097,0.0413429719356177,0.123485641828585
"middle_shabelle",47.0751155288427,52.9248844711573,2.24905630056216,2.72563242877696,15.8788878008021,18.021920333496,14.8079339777589,16.8061804627518,14.1392374497195,15.3711512461326,46.9274917171255,6.11619624257764,8.89343894231965,37.3444517350835,873.72115884172,88.9343894231965,0,3.73444517350835,87.372115884172,8.89343894231965,0,1.67930304071285,9.60572676795529,3.05050056388896,217.151658147516,752.343336213594,30.5050056388896,0,21.7151658147516,75.2343336213594,3.05050056388896,0,3.35169178670316,0,1.20966279283453,686.405889030393,301.497483041261,12.0966279283453,0,68.6405889030393,30.1497483041261,1.20966279283453,0,1.32909886836903,0,13.5188885288334,180.389275834321,684.421838877345,135.188885288334,0,18.0389275834321,68.4421838877345,13.5188885288334,0,21.3206608638574,12.7485804103821,0.157190604597957,556.287484956137,442.140608997884,1.57190604597957,0,55.6287484956137,44.2140608997884,0.157190604597957,0,1.67930304071285,0.00690480844990208,0.0188529764164473,426.302682819589,573.508787416247,0.188529764164473,42.6302682819589,57.3508787416247,0.0188529764164473,0.0207144253497062,0,3.17594660393129,602.608516078841,365.632017881846,31.7594660393129,0,60.2608516078841,36.5632017881846,3.17594660393129,0,1.60937031865951,3.33062253894937,7.27778308743569,279.788130836008,647.434038289635,72.7778308743569,27.9788130836008,64.7434038289635,7.27778308743569,27.229121298623,5.30788738450021,3.8916357781063,579.095296669572,381.988345549365,38.916357781063,57.9095296669572,38.1988345549365,3.8916357781063,8.42336245656558,3.44419567076707,51.8680297515956,52.3018956125566,49.1259490086253,2.74208074297031,0.433865860960976
"mudug",45.3623996278161,54.6376003721839,2.31316154843648,2.92148678632738,17.8397805170087,17.8793033341782,16.2586270224908,20.5729461952174,8.95083053988011,13.2638640564609,62.0681127551553,5.71271123379928,10.406609363049,142.70433099757,753.22957537194,103.374510927137,0.691582703353223,14.270433099757,75.322957537194,10.3374510927137,0.0691582703353223,19.7264424666486,8.21070241558073,4.88908710274322,530.218368543621,420.890760428947,48.8908710274322,0,53.0218368543621,42.0890760428947,4.88908710274322,0,3.51981714079697,10.7005207492483,0.0510588599063537,865.899076352919,133.590335048017,0.510588599063537,0,86.5899076352919,13.3590335048017,0.0510588599063537,0,0,0.267762055520325,7.10759599002965,348.74658703183,580.177453067873,70.4608807148536,0.615079185442961,34.874658703183,58.0177453067873,7.04608807148536,0.0615079185442961,21.1549569994485,3.79780521467086,0.824673660686877,764.58913722212,227.164126171011,8.24673660686877,0,76.458913722212,22.7164126171011,0.824673660686877,0,0.480727325051315,0.905713110597913,0.136638373980573,538.592713915644,460.040902344551,1.36638373980573,53.8592713915644,46.0040902344551,0.136638373980573,0,0.716556772851879,4.10511658718639,640.089483770136,318.859350358,40.3595831685107,0.691582703353223,64.0089483770136,31.8859350358,4.03595831685107,0.0691582703353223,6.90428393465259,3.44558642638842,18.4803633106936,26.4275460047825,788.768820888281,184.803633106936,2.64275460047825,78.8768820888281,18.4803633106936,56.0164964007208,9.63622903090185,0.327626048121129,776.296894678246,220.426844840543,3.27626048121129,77.6296894678246,22.0426844840543,0.327626048121129,1.71813127531267,0,28.0344585363712,30.4459059489349,26.3407893617485,1.69366917462269,2.4114474125637
"nugaal",46.3763916094536,53.6236083905464,1.41145555337044,1.64264162441209,16.4078224699093,15.4868141680218,17.1067308634379,21.9361954219158,11.4503827227358,14.5579571761967,68.9019158208636,6.48352827095736,11.7384195061977,61.6473418161078,820.968463121916,117.384195061977,0,6.16473418161078,82.0968463121916,11.7384195061977,0,31.1267420384178,6.80144530300066,6.71057026334316,169.007972994897,763.886324371671,67.1057026334316,0,16.9007972994897,76.3886324371671,6.71057026334316,0,2.34623761077733,23.8500337531567,1.83852235958976,725.354916980707,256.259859423395,18.3852235958976,0,72.5354916980707,25.6259859423395,1.83852235958976,0,1.92246383939976,1.50887014400106,15.5943119053491,216.477490940375,627.579390006133,155.943119053491,0,21.6477490940375,62.7579390006133,15.5943119053491,0,34.6312749636762,10.7468066418077,2.38888181124672,521.732347863081,454.378834024452,23.8888181124672,0,52.1732347863081,45.4378834024452,2.38888181124672,0,6.96264045975018,1.22423600850717,0,421.714180192511,578.285819807489,0,42.1714180192511,57.8285819807489,0,0,0,2.42820362420403,665.131629157749,310.586334600211,24.2820362420403,0,66.5131629157749,31.0586334600211,2.42820362420403,0,3.50453292525845,2.15413091963559,36.9369916534413,38.4451733033224,592.184910162264,369.369916534413,3.84451733033224,59.2184910162264,36.9369916534413,70.4806935376643,28.3955414786295,0.153117412254655,780.030603977317,218.438221900137,1.53117412254655,78.0030603977317,21.8438221900137,0.153117412254655,0.754435072000529,0,40.8133365426807,42.3631330675937,39.9349294433897,0.878407099290952,1.54979652491307
"sanaag",46.7339933037476,53.2660066962525,2.37506388032363,2.65421414360503,16.929109227643,16.4523929311405,17.9107314098552,21.9387564233073,9.51908878592574,12.2206431981996,68.213452122522,7.06830738314169,8.85585908690253,27.3980792573263,884.043329873648,88.5585908690253,0,2.73980792573263,88.4043329873648,8.85585908690253,0,30.1974265250716,6.43925744540284,5.32777437548573,128.068072261888,818.654183983255,53.2777437548573,0,12.8068072261888,81.8654183983255,5.32777437548573,0,3.53374637791842,21.1712501219832,3.34151382125516,609.800040825941,356.784820961507,33.4151382125516,0,60.9800040825941,35.6784820961508,3.34151382125516,0,2.65706318289863,9.38605554701467,15.8158394700644,251.705595754088,590.136009545267,157.632085582437,0.526309118206808,25.1705595754088,59.0136009545267,15.7632085582437,0.0526309118206808,41.1567237787059,12.9463771967456,3.87971905447331,573.534198456195,387.668610999072,38.7971905447331,0,57.3534198456195,38.7668610999072,3.87971905447331,0,12.4624118599092,2.90786215679254,0,264.973087240597,735.026912759403,0,26.4973087240597,73.5026912759403,0,0,0,0.272560078868644,754.355320836783,242.91907837453,2.72560078868644,0,75.4355320836783,24.291907837453,0.272560078868644,0,2.16173760243,0.0586400133556692,20.446655925966,37.4297345320438,758.103706208296,204.46655925966,3.74297345320438,75.8103706208296,20.446655925966,66.0518038227357,15.2825799700893,0,906.125434290967,93.8745657090329,0,90.6125434290967,9.38745657090329,0,0,0,52.0764051751068,52.1290360869275,51.8564760080589,0.219929167047963,0.0526309118206808
"sool",47.4823048264212,52.5176951735788,1.53158243230881,1.55012650998107,18.5841948874402,17.0350457958819,18.9878952804109,23.6170869271941,8.37863222626129,10.3154359405217,69.5280052891104,7.36138240509941,4.08553706775781,142.195856471311,816.948772851111,40.8553706775781,0,14.2195856471311,81.6948772851111,4.08553706775781,0,21.0959925426039,2.38546135847484,2.2924159129172,296.966705049328,680.1091358215,22.924159129172,0,29.6966705049328,68.01091358215,2.2924159129172,0,1.22909601233,12.9316808148816,0.921304228813949,807.958295809126,182.828661902734,9.21304228813949,0,80.7958295809126,18.2828661902734,0.921304228813949,0,0.74828955490101,2.65243796069483,16.1352662427065,323.276428498026,515.370909074909,159.034445597232,2.31821682983298,32.3276428498026,51.5370909074909,15.9034445597232,0.231821682983298,42.4999425881213,13.5003017701663,3.46513351249702,638.461148976889,326.887515898141,34.5746191723115,0.0767159526587001,63.8461148976889,32.6887515898141,3.45746191723115,0.00767159526587001,11.0351559330931,2.70856286951727,0,474.969068145164,525.030931854836,0,47.4969068145164,52.5030931854836,0,0,0,0.950415833450216,772.031045771315,218.464795894183,9.50415833450215,0,77.2031045771315,21.8464795894183,0.950415833450216,0,5.41191943465458,0.504519842569663,29.2774299439951,8.63573581437826,698.589964745671,292.774299439951,0.863573581437826,69.8589964745671,29.2774299439951,80.5663078224862,24.1514663525709,0,914.566598429742,85.4334015702576,0,91.4566598429742,8.54334015702576,0,0,0,39.663712371874,39.7185826127463,38.7681667792961,0.895545592577894,0.054870240872322
"togdheer",45.8184957533106,54.1815042466894,1.04401806846846,1.0028422329047,18.3141962380118,18.2647785421516,17.7767101859405,22.330228776757,8.68357126088981,12.5836546948762,85.4093866459395,7.41634565688841,5.67910630434372,217.866214096551,725.342722860012,56.7910630434371,0,21.7866214096551,72.5342722860012,5.67910630434372,0,37.654330915421,3.60374131361541,1.89146294128747,419.028949377607,562.056421209518,18.9146294128747,0,41.9028949377607,56.2056421209519,1.89146294128747,0,1.58838363142085,6.56101699623685,0.179035186983385,815.022150118638,183.187498011528,1.79035186983385,0,81.5022150118639,18.3187498011528,0.179035186983385,0,0.135004865101212,0.85741197283561,12.9834748133468,266.434849336069,603.730402530463,128.328148057544,1.50660007592441,26.6434849336069,60.3730402530463,12.8328148057544,0.150660007592441,42.1251366363881,11.0920233707123,5.04211410503425,647.025095134371,302.553763815286,50.4211410503425,0,64.7025095134371,30.2553763815286,5.04211410503425,0,2.10993115199977,5.23242863514798,0,558.062845773257,441.937154226743,0,55.8062845773257,44.1937154226743,0,0,0,1.10153531148098,863.348478012239,125.636168872951,11.0153531148098,0,86.3348478012239,12.5636168872951,1.10153531148098,0,12.2566666026859,0.377506966712941,20.4063164711357,9.68603862443775,786.250796664205,204.063164711357,0.968603862443775,78.6250796664205,20.4063164711357,67.960067982214,17.3198208400872,0,959.625282673159,40.3747173268412,0,95.9625282673159,4.03747173268412,0,0,0,46.0825556436224,46.0825556436224,44.9810203321414,1.10153531148098,0
"woqooyi_galbeed",47.3474726421472,52.6525273578528,2.2052402226878,1.6166894416122,21.5800645058904,21.1862478962692,15.3579805045066,19.0871096453077,8.20418740906244,10.7624803746636,73.5522048160942,6.99466430676941,8.49762542970581,182.45953096313,732.564214739812,84.9762542970581,0,18.245953096313,73.2564214739811,8.49762542970581,0,2.57244531379014,8.79922373055753,2.74292842247451,509.412856189097,463.157859586158,27.4292842247451,0,50.9412856189097,46.3157859586158,2.74292842247451,0,2.84061278841798,0.823827880165301,0.634654989226171,871.122866304113,122.530583803626,6.34654989226171,0,87.1122866304113,12.2530583803626,0.634654989226171,0,0.666959638643246,0,15.9816580543258,175.842881936968,664.340537519774,159.816580543258,0,17.5842881936968,66.4340537519774,15.9816580543258,0,11.9811828489878,16.1852867206154,1.89460456158764,684.399376791781,296.654577592342,18.9460456158764,0,68.4399376791781,29.6654577592342,1.89460456158764,0,0.413274417768672,1.97000592418524,0,461.354518485288,538.645481514712,0,46.1354518485288,53.8645481514712,0,0,0,0.770357253499575,897.682861338963,94.6135661260413,7.70357253499574,0,89.7682861338963,9.46135661260413,0.770357253499575,0,0.267404234838615,0.795958125180916,16.5233157285367,8.94410381557924,825.822738899054,165.233157285367,0.894410381557924,82.5822738899054,16.5233157285367,55.0088402074454,14.5643594498831,0,952.504087357747,47.495912642253,0,95.2504087357747,4.7495912642253,0,0,0,42.2329428859786,42.2374178270923,41.4670605735927,0.76588231238588,0.0044749411136946
